{
  "gerado_em": "2026-05-08T16:53:53.863714",
  "fontes": {
    "pagar_xlsx": "Contas_a_Pagar_20260508_combined.xlsx",
    "receber_xlsx": "Contas a Receber_20260508_160653_10463_1311.xlsx",
    "projetos_xlsx": "ProjetoComValoresResumido_20260415_122608_10463_1311.xlsx"
  },
  "contagens": {
    "contas_pagar": 4284,
    "contas_receber": 6321,
    "projetos": 259,
    "cobertura_classificacao_pct": 100.0,
    "nao_classificados": 9
  },
  "totais_2026": {
    "despesas": 1313334.97,
    "faturamento": 1713715.19,
    "despesa_casa": 853011.6299999999,
    "despesa_eventos": 460323.33999999997
  }
}